{
  "camera_matrix": [
    [
      3044.6293703577244,
      0.0,
      2037.0548826518313
    ],
    [
      0.0,
      3044.4666589982,
      1523.2559865651172
    ],
    [
      0.0,
      0.0,
      1.0
    ]
  ],
  "dist_coeffs": [
    [
      0.20918169365044853,
      -1.546155776357571,
      0.0005455174611060553,
      -0.001313116981428473,
      2.799040051209371
    ]
  ],
  "calibration_error": 0.15614818891352153,
  "image_size": [
    4080,
    3072
  ],
  "chessboard_size": [
    9,
    6
  ],
  "square_size": 0.02,
  "successful_images": 16
}